{
  "timestamp": "2026-07-15T01:19:43.521Z",
  "totalPosts": 3338,
  "uniqueIds": 3338,
  "duplicatesFound": 0,
  "fieldErrors": 0,
  "perAccountFieldErrors": {
    "ig-ardiantanah": 0,
    "ig-majangmejeng_": 0,
    "ig-nisyanandaa": 0,
    "ig-syahfalahproperti": 0,
    "tt-ardian.tanah": 0,
    "tt-ardiantanahmenjawab": 0,
    "tt-itsnisyananda": 0,
    "tt-majangmejeng_": 0,
    "tt-syahfalahproperti": 0
  },
  "coverage": {
    "ig-ardiantanah": {
      "total": 500,
      "likeCount": 0.022,
      "commentCount": 0.604,
      "viewCount": 0.916,
      "shareCount": 0,
      "saveCount": 0
    },
    "ig-majangmejeng_": {
      "total": 313,
      "likeCount": 0.006389776357827476,
      "commentCount": 0.3865814696485623,
      "viewCount": 0,
      "shareCount": 0,
      "saveCount": 0
    },
    "ig-nisyanandaa": {
      "total": 212,
      "likeCount": 0.04716981132075472,
      "commentCount": 0.8066037735849056,
      "viewCount": 0.2641509433962264,
      "shareCount": 0,
      "saveCount": 0
    },
    "ig-syahfalahproperti": {
      "total": 430,
      "likeCount": 0.020930232558139535,
      "commentCount": 0.40930232558139534,
      "viewCount": 0.7,
      "shareCount": 0,
      "saveCount": 0
    },
    "tt-ardian.tanah": {
      "total": 353,
      "likeCount": 1,
      "commentCount": 0.5609065155807366,
      "viewCount": 1,
      "shareCount": 0.5552407932011332,
      "saveCount": 0.6430594900849859
    },
    "tt-ardiantanahmenjawab": {
      "total": 467,
      "likeCount": 0.9400428265524625,
      "commentCount": 0.2890792291220557,
      "viewCount": 1,
      "shareCount": 0.3961456102783726,
      "saveCount": 0.32548179871520344
    },
    "tt-itsnisyananda": {
      "total": 163,
      "likeCount": 1,
      "commentCount": 0.9447852760736196,
      "viewCount": 1,
      "shareCount": 0.754601226993865,
      "saveCount": 0.950920245398773
    },
    "tt-majangmejeng_": {
      "total": 493,
      "likeCount": 0.9979716024340771,
      "commentCount": 0.5212981744421906,
      "viewCount": 1,
      "shareCount": 0.5334685598377282,
      "saveCount": 0.5618661257606491
    },
    "tt-syahfalahproperti": {
      "total": 407,
      "likeCount": 1,
      "commentCount": 0.3857493857493858,
      "viewCount": 1,
      "shareCount": 0.4987714987714988,
      "saveCount": 0.4250614250614251
    }
  },
  "accounts": {
    "ig-ardiantanah": {
      "platform": "instagram",
      "username": "ardiantanah",
      "totalPosts": 500,
      "followerCount": 3918,
      "postCount": 877
    },
    "ig-majangmejeng_": {
      "platform": "instagram",
      "username": "majangmejeng_",
      "totalPosts": 313,
      "followerCount": 2398,
      "postCount": 345
    },
    "ig-nisyanandaa": {
      "platform": "instagram",
      "username": "nisyanandaa",
      "totalPosts": 212,
      "followerCount": 134211,
      "postCount": 216
    },
    "ig-syahfalahproperti": {
      "platform": "instagram",
      "username": "syahfalahproperti",
      "totalPosts": 430,
      "followerCount": 1673,
      "postCount": 824
    },
    "tt-ardian.tanah": {
      "platform": "tiktok",
      "username": "ardian.tanah",
      "totalPosts": 353,
      "followerCount": 9911,
      "postCount": 354
    },
    "tt-ardiantanahmenjawab": {
      "platform": "tiktok",
      "username": "ardiantanahmenjawab",
      "totalPosts": 467,
      "followerCount": 5306,
      "postCount": 480
    },
    "tt-itsnisyananda": {
      "platform": "tiktok",
      "username": "itsnisyananda",
      "totalPosts": 163,
      "followerCount": 32472,
      "postCount": 146
    },
    "tt-majangmejeng_": {
      "platform": "tiktok",
      "username": "majangmejeng_",
      "totalPosts": 493,
      "followerCount": 17879,
      "postCount": 253
    },
    "tt-syahfalahproperti": {
      "platform": "tiktok",
      "username": "syahfalahproperti",
      "totalPosts": 407,
      "followerCount": 1143,
      "postCount": 343
    }
  }
}